{
    "metrics": {
        "accuracy": 0.55,
        "precision": 0.0,
        "recall": 0.0,
        "f1_score": 0.0
    },
    "train_history": {
        "loss": [
            0.6971025466918945,
            0.6948526501655579,
            0.6931304335594177,
            0.6930577754974365,
            0.693108856678009,
            0.6931975483894348
        ],
        "val_loss": [
            0.6915416717529297,
            0.6955599784851074,
            0.6950502395629883,
            0.6967556476593018,
            0.6966267228126526,
            0.6956239342689514
        ],
        "accuracy": [
            0.48124998807907104,
            0.46875,
            0.512499988079071,
            0.512499988079071,
            0.512499988079071,
            0.512499988079071
        ],
        "val_accuracy": [
            0.550000011920929,
            0.44999998807907104,
            0.44999998807907104,
            0.44999998807907104,
            0.44999998807907104,
            0.44999998807907104
        ]
    }
}